{"title":"","id":1,"dateAdded":1397047288514173,"lastModified":1397047288514173,"type":"text/x-moz-place-container","root":"placesRoot","children":[{"title":"Bookmarks Menu","id":2,"parent":1,"dateAdded":1397047288514173,"lastModified":1397047288865754,"type":"text/x-moz-place-container","root":"bookmarksMenuFolder","children":[{"title":"Recently Bookmarked","id":13,"parent":2,"annos":[{"name":"Places/SmartBookmark","flags":0,"expires":4,"value":"RecentlyBookmarked"}],"type":"text/x-moz-place","uri":"place:folder=BOOKMARKS_MENU&folder=UNFILED_BOOKMARKS&folder=TOOLBAR&sort=12&excludeQueries=1&maxResults=10&queryType=1"},{"index":1,"title":"Recent Tags","id":14,"parent":2,"annos":[{"name":"Places/SmartBookmark","flags":0,"expires":4,"value":"RecentTags"}],"type":"text/x-moz-place","uri":"place:sort=14&type=6&maxResults=10&queryType=1"},{"index":2,"title":"","id":15,"parent":2,"dateAdded":1397047288865754,"lastModified":1397047288865754,"type":"text/x-moz-place-separator"},{"index":3,"title":"Mozilla Firefox","id":7,"parent":2,"dateAdded":1397047288846734,"lastModified":1397047288852356,"type":"text/x-moz-place-container","children":[{"title":"Help and Tutorials","id":8,"parent":7,"dateAdded":1397047288847536,"lastModified":1397047288848435,"type":"text/x-moz-place","uri":"https://www.mozilla.org/en-US/firefox/help/"},{"index":1,"title":"Customize Firefox","id":9,"parent":7,"dateAdded":1397047288849650,"lastModified":1397047288850365,"type":"text/x-moz-place","uri":"https://www.mozilla.org/en-US/firefox/customize/"},{"index":2,"title":"Get Involved","id":10,"parent":7,"dateAdded":1397047288851084,"lastModified":1397047288851674,"type":"text/x-moz-place","uri":"https://www.mozilla.org/en-US/contribute/"},{"index":3,"title":"About Us","id":11,"parent":7,"dateAdded":1397047288852356,"lastModified":1397047288852953,"type":"text/x-moz-place","uri":"https://www.mozilla.org/en-US/about/"}]}]},{"index":1,"title":"Bookmarks Toolbar","id":3,"parent":1,"dateAdded":1397047288514173,"lastModified":1397047288863712,"annos":[{"name":"bookmarkProperties/description","flags":0,"expires":4,"value":"Add bookmarks to this folder to see them displayed on the Bookmarks Toolbar"}],"type":"text/x-moz-place-container","root":"toolbarFolder","children":[{"title":"Most Visited","id":12,"parent":3,"annos":[{"name":"Places/SmartBookmark","flags":0,"expires":4,"value":"MostVisited"}],"type":"text/x-moz-place","uri":"place:sort=8&maxResults=10"},{"index":1,"title":"Getting Started","id":6,"parent":3,"dateAdded":1397047288845355,"lastModified":1397047288846316,"type":"text/x-moz-place","uri":"https://www.mozilla.org/en-US/firefox/central/"}]},{"index":2,"title":"Tags","id":4,"parent":1,"dateAdded":1397047288514173,"lastModified":1397047288514173,"type":"text/x-moz-place-container","root":"tagsFolder","children":[]},{"index":3,"title":"Unsorted Bookmarks","id":5,"parent":1,"dateAdded":1397047288514173,"lastModified":1397047288841836,"type":"text/x-moz-place-container","root":"unfiledBookmarksFolder","children":[]}]}